prompt_id,prompt,prompt_tag
0,"Write a response to the following creative writing prompt:
A peaceful alien race is besieged by another race in the same galaxy . As their last planets fall and their home-world comes under threat they do the unthinkable . They ask for aid from the only known creatures more brutal than their foes in exchange for FTL technology . Humans accept the deal .",WP
1,"Write a response to the following creative writing prompt:
There is no prompt . Just write a story you 've always been thinking about or one you 've been thinking about sharing . Anything goes .",WP
2,"Write a response to the following creative writing prompt:
This is the prologue ( or the first chapter ) of the novel you 've always wanted to write .",WP
3,"Write a response to the following creative writing prompt:
Write a short story where the first sentence has 20 words , 2nd sentence has 19 , 3rd has 18 etc . Story ends with a single word .",WP
4,"Write a response to the following creative writing prompt:
Write the first and last paragraph of a story and make me want to know what happened in between .",CW
5,"Write a response to the following creative writing prompt:
Write the letter that you always wanted to , but never did .",WP
6,"Write a response to the following creative writing prompt:
You live in a city full of people with powers ( telekinesis , electro kinesis , sensors , etc ) and everyone is ranked according to how powerful they but they can kill someone of higher rank and obtain their rank . You are rank # 1 but no one knows what your power is",WP
7,"Write a response to the following creative writing prompt:
`` She said she loved him . '' Insert the word `` only '' anywhere in this sentence . It must be the final sentence of your story .",WP
